Churn,Avg_Spend
No,558.9642857142857
Yes,482.77272727272725
