Subscription_Type,Churn_Rate
Basic,58.333333333333336
Premium,46.666666666666664
Standard,34.78260869565217
